{
  "emg_rms_rectusFemoris": 0.7096838441541756,
  "emg_rms_bicepsFemoris": 0.6756449895888654,
  "gait_median_acce": 1.0161947072205566,
  "gait_mean_acce": 1.0161947072205566,
  "emg_rms_tibilisAnterior": 0.9850736397858673,
  "emg_rms_gastro": 0.9266243912505353,
  "l2_median_acce": 1.154256370299786,
  "l2_median_gyro": 1.003365490817987,
  "l2_mean_acce": 1.154256370299786,
  "l2_mean_gyro": 1.003365490817987,
  "gait_curtosis_acce": 0.030632661091109355,
  "gait_max_acce": 1.0350597559143468,
  "gait_max_gyro": 0.9994961612719487,
  "l2_max_acce": 1.1928644208008565,
  "gait_entropy_acce": 1.0028783911434689,
  "gait_std_acce": 1.032071840334047,
  "gait_curtosis_gyro": -0.0026064327615240067,
  "gait_var_acce": 1.0771041158458243,
  "gait_std_gyro": 1.002040954111349,
  "l2_entropy_gyro": 1.0031396044882226,
  "l2_std_acce": 1.1819885397601713,
  "gait_median_gyro": 0.9990452226552463,
  "gait_var_gyro": 1.0117128461327622,
  "l2_var_acce": 1.510949731027837,
  "l2_max_gyro": 1.013448035914347,
  "l2_entropy_acce": 1.001998981019272,
  "gait_mean_gyro": 0.9990452226552463,
  "l2_curtosis_gyro": -0.04107657467100706,
  "gait_entropy_gyro": 1.0036704360171305,
  "l2_var_gyro": 1.116429175927195,
  "l2_std_gyro": 1.04953806262955,
  "l2_curtosis_acce": -0.010773905066328436,
  "gait_maxfreq_gyro": 0.8242881597516059,
  "l2_maxfreq_acce": 0.839542625092077,
  "l2_energy_acce": 0.7951984771265139,
  "l2_maxfreq_gyro": 0.839542625092077,
  "gait_stdfreq_acce": 0.8242881597516059,
  "l2_stdfreq_gyro": 0.8242881597516059,
  "gait_energy_gyro": 0.7951984771265139,
  "gait_energy_acce": 0.7951984771265139
}